,seq,activity_list,converted_activity,min_activity,max_activity,avg_activity
0,GILGNIVGMGKQVVCGLSGLC,[],[],,,
1,KLVQQLKNIFR,[],[],,,
2,RGGRLAYCRRRFCVAVGR,[],[],,,
3,GLNALKKVFQGFHEAIKLINNHVQ,"['>80', '>160']","[217.4544, 434.9088]",217.4544,434.9088,326.1816
4,KRHHGYKRKFHEKHHSHR,[],[],,,
5,GGLFYVKHKEQQRKRF,[],[],,,
6,GTCSFSSALCVVHCRVRGYPDGYCSRKGICTCRR,"['>100', '51.6']","[374.137, 193.05469200000002]",193.05469200000002,374.137,283.595846
7,WGIRRILKYGKRS,"['10', '4', '10', '20', '4']","[16.3198, 6.52792, 16.3198, 32.6396, 6.52792]",6.52792,32.6396,15.667008
8,LRKRLRKFRNKIKEKLKKIGQKIQGFVPKL,"['1.46', ' 1.45', '0.90', '1.44', ' 1.46', ' 1.46', '1.35', '1.15', '0.78', '8.84', '3.10', '0.73', '2.66', '1.75', '1.92', '1.63', '1.46', '1.50', '1.33', '1.01', '1.33', '1.77', '2.10', '2.67', '3.33', '4.42', '2.66', '3.54', '2.19', '1.47', '2.92', '1.41', '3.54', '2.99', '4.86']","[5.3897506, 5.3528345, 3.322449, 5.315918399999999, 5.3897506, 5.3897506, 4.983673500000001, 4.2453515, 2.8794558, 32.6338324, 11.443991, 2.6948753, 9.8196826, 6.4603175, 7.0878912, 6.0173243, 5.3897506, 5.537415, 4.9098413, 3.7285261, 4.9098413, 6.5341496999999995, 7.752381000000001, 9.856598700000001, 12.293061300000002, 16.3169162, 9.8196826, 13.068299399999999, 8.0846259, 5.4266667, 10.7795012, 5.2051701, 13.068299399999999, 11.037913900000001, 17.9412246]",2.6948753,32.6338324,8.288191822857142
